player,total,base,base_avg,avg_rank,dun_count,avg_dun,first_count,last_count,games_played
张三,2450.5,550.0,91.66666666666667,1.1666666666666667,0,0.0,5,0,6
李四,1600.25,550.0,91.66666666666667,1.8333333333333333,0,0.0,1,0,6
王五,400.0,400.0,66.66666666666667,3,0,0.0,0,6,6
